starID,Qflg,Av,ScaleF,ScaleFerr,Teff,Tefferr,RedChi
6386468454774591744,NNNYNNNNNYYNYNNNNYNNNNYNNNNYYYYYYY,0.00,1.357e-18,1.576e-19,4.603e+03,9.730e+01,3.250e-26
5224124307320401024,NNNYNNNNNYYNYNNNNYNNNNYNNNNYYYYYYY,0.00,1.266e-18,1.443e-19,4.402e+03,8.898e+01,1.850e-26
4972969119657226368,NNNYYNNNNYYYYNNNNYNYNNYNNNNYYYYYYY,0.00,3.035e-18,2.731e-19,4.534e+03,7.341e+01,1.247e-25
4675576135153914368,NNNYYYNNNYYYYNNNYYNYNNYNNNNYYYYYYY,0.00,6.261e-18,1.323e-18,4.552e+03,1.720e+02,3.365e-24
4921421918602162688,NNNYYYNNNYYYYNNNYYNYNNYNNNNYYYYYYY,0.00,5.781e-18,1.067e-18,4.449e+03,1.449e+02,1.763e-24
2125795166969907968,NNNYYYNNNYYYNNNNYYNYNNYNNNNYYYYYYY,0.00,1.566e-20,1.946e-21,6.078e+03,1.636e+02,8.877e-29
2053106620753316352,NNNNNNNNNYNNNNNNNYNNNNYNNNNYYYYYYY,0.00,1.139e-20,1.282e-21,4.756e+03,1.094e+02,1.764e-30
2076525844775760384,NNNYYYNNNYYYNNNNYYNYNNYNNNNYYYYYYY,0.00,3.271e-19,4.489e-20,5.553e+03,1.548e+02,2.282e-26
6357337753190592000,NNNYNNNNNYYNYNNNNYNNNNYNNNNYYYNNNN,0.00,4.052e-18,6.039e-19,4.721e+03,1.300e+02,5.935e-25
2329865040473724160,NNYYNNNNNYYNYNNNNYNNNNYNNNNYYYNNNN,0.00,5.049e-18,9.389e-19,4.255e+03,1.352e+02,6.753e-25
4759263813434301824,NNNYNNNNNYYNYNNNNYNNNNYNNNNYYYNNNN,0.00,2.238e-18,2.790e-19,5.126e+03,1.246e+02,2.575e-25
2106705269988803072,NNNNYYNNNYNYNNNNYYNYNNYNNNNYYYYYYY,0.00,5.642e-21,4.561e-22,5.462e+03,9.165e+01,1.643e-30
2135179533070399232,NNNYNNNNNYYNNNNNNYNNNNYNNNNYYYNNNN,0.00,5.332e-21,1.210e-21,6.277e+03,3.167e+02,2.431e-29
5062172841616745856,NNNYNNNNNYYNYNNNNYNNNNYNNNNYYYYYYY,0.00,2.045e-18,1.901e-19,5.812e+03,1.150e+02,3.418e-25
2086625752425381632,NNNNYYNYNYNYNNYNYYNYYNYYNNYYYYYYYY,0.00,3.708e-21,2.533e-22,5.816e+03,8.826e+01,1.420e-30
2051837651199491968,NYNNNNYYNYNNNNYNNYYNYNYYYNYYYYYYYY,0.00,6.534e-21,6.123e-22,5.193e+03,1.019e+02,4.218e-30
